"Term","Overlap","P.value","Adjusted.P.value","Old.P.value","Old.Adjusted.P.value","Odds.Ratio","Combined.Score","Genes"
"Circadian rhythm","1/31",0.0153956417644848,0.0642274324411638,0,0,73.9259259259259,308.542479281304,"BHLHE41"
"Thyroid cancer","1/37",0.0183506949831896,0.0642274324411638,0,0,61.5864197530864,246.227915397722,"PAX8"
"Thyroid hormone synthesis","1/75",0.0368814272661001,0.0677911311689795,0,0,29.9039039039039,98.6842937720567,"PAX8"
"Complement and coagulation cascades","1/85",0.0417053180950638,0.0677911311689795,0,0,26.3306878306878,83.6559293891733,"CLU"
"Hematopoietic cell lineage","1/99",0.0484222365492711,0.0677911311689795,0,0,22.5532879818594,68.2867582491043,"CD24"
"Transcriptional misregulation in cancer","1/192",0.0919767065184695,0.107306157604881,0,0,11.5177428737638,27.4838675249733,"PAX8"
"Pathways in cancer","1/531",0.23597056792882,0.23597056792882,0,0,4.07966457023061,5.89123225435831,"PAX8"
